{
    "var_x": 12.93491972146267,
    "var_y": 0.12818274480081293,
    "var_sacc": 0.0030047116103039525
}